Country Name,Country Code,Series Name,Series Code,2010 [YR2010]
Afghanistan,AFG,"Population, total",SP.POP.TOTL,29185511
Afghanistan,AFG,"Intentional homicides (per 100,000 people)",VC.IHR.PSRC.P5,3.3681096075378
Albania,ALB,"Population, total",SP.POP.TOTL,2913021
Albania,ALB,"Intentional homicides (per 100,000 people)",VC.IHR.PSRC.P5,4.30796304921017
Algeria,DZA,"Population, total",SP.POP.TOTL,35977451
Algeria,DZA,"Intentional homicides (per 100,000 people)",VC.IHR.PSRC.P5,0.705997765100146
American Samoa,ASM,"Population, total",SP.POP.TOTL,56084
American Samoa,ASM,"Intentional homicides (per 100,000 people)",VC.IHR.PSRC.P5,8.91519863062549
Andorra,AND,"Population, total",SP.POP.TOTL,84454
Andorra,AND,"Intentional homicides (per 100,000 people)",VC.IHR.PSRC.P5,0
Angola,AGO,"Population, total",SP.POP.TOTL,23356247
Angola,AGO,"Intentional homicides (per 100,000 people)",VC.IHR.PSRC.P5,..
Antigua and Barbuda,ATG,"Population, total",SP.POP.TOTL,88030
Antigua and Barbuda,ATG,"Intentional homicides (per 100,000 people)",VC.IHR.PSRC.P5,6.81585823014881
Argentina,ARG,"Population, total",SP.POP.TOTL,40788453
Argentina,ARG,"Intentional homicides (per 100,000 people)",VC.IHR.PSRC.P5,5.82945646358224
Armenia,ARM,"Population, total",SP.POP.TOTL,2877314
Armenia,ARM,"Intentional homicides (per 100,000 people)",VC.IHR.PSRC.P5,1.94625960183699
Aruba,ABW,"Population, total",SP.POP.TOTL,101665
Aruba,ABW,"Intentional homicides (per 100,000 people)",VC.IHR.PSRC.P5,3.93449072935622
Australia,AUS,"Population, total",SP.POP.TOTL,22031750
Australia,AUS,"Intentional homicides (per 100,000 people)",VC.IHR.PSRC.P5,1.0426687589854
Austria,AUT,"Population, total",SP.POP.TOTL,8363404
Austria,AUT,"Intentional homicides (per 100,000 people)",VC.IHR.PSRC.P5,0.689659682673311
Azerbaijan,AZE,"Population, total",SP.POP.TOTL,9054332
Azerbaijan,AZE,"Intentional homicides (per 100,000 people)",VC.IHR.PSRC.P5,2.28066203411804
"Bahamas, The",BHS,"Population, total",SP.POP.TOTL,354936
"Bahamas, The",BHS,"Intentional homicides (per 100,000 people)",VC.IHR.PSRC.P5,26.4836477562152
Bahrain,BHR,"Population, total",SP.POP.TOTL,1240864
Bahrain,BHR,"Intentional homicides (per 100,000 people)",VC.IHR.PSRC.P5,0.161178017897207
Bangladesh,BGD,"Population, total",SP.POP.TOTL,147575433
Bangladesh,BGD,"Intentional homicides (per 100,000 people)",VC.IHR.PSRC.P5,2.70234680592128
Barbados,BRB,"Population, total",SP.POP.TOTL,282131
Barbados,BRB,"Intentional homicides (per 100,000 people)",VC.IHR.PSRC.P5,10.9878035380727
Belarus,BLR,"Population, total",SP.POP.TOTL,9483836
Belarus,BLR,"Intentional homicides (per 100,000 people)",VC.IHR.PSRC.P5,4.25663993369408
Belgium,BEL,"Population, total",SP.POP.TOTL,10895586
Belgium,BEL,"Intentional homicides (per 100,000 people)",VC.IHR.PSRC.P5,..
Belize,BLZ,"Population, total",SP.POP.TOTL,322465
Belize,BLZ,"Intentional homicides (per 100,000 people)",VC.IHR.PSRC.P5,40.004341556448
Benin,BEN,"Population, total",SP.POP.TOTL,9199254
Benin,BEN,"Intentional homicides (per 100,000 people)",VC.IHR.PSRC.P5,..
Bermuda,BMU,"Population, total",SP.POP.TOTL,65124
Bermuda,BMU,"Intentional homicides (per 100,000 people)",VC.IHR.PSRC.P5,10.7053281947758
Bhutan,BTN,"Population, total",SP.POP.TOTL,685502
Bhutan,BTN,"Intentional homicides (per 100,000 people)",VC.IHR.PSRC.P5,2.33405591814466
Bolivia,BOL,"Population, total",SP.POP.TOTL,10048597
Bolivia,BOL,"Intentional homicides (per 100,000 people)",VC.IHR.PSRC.P5,..
Bosnia and Herzegovina,BIH,"Population, total",SP.POP.TOTL,3705478
Bosnia and Herzegovina,BIH,"Intentional homicides (per 100,000 people)",VC.IHR.PSRC.P5,1.51127600811555
Botswana,BWA,"Population, total",SP.POP.TOTL,1987106
Botswana,BWA,"Intentional homicides (per 100,000 people)",VC.IHR.PSRC.P5,15.248305827671
Brazil,BRA,"Population, total",SP.POP.TOTL,195713637
Brazil,BRA,"Intentional homicides (per 100,000 people)",VC.IHR.PSRC.P5,26.717095855717
British Virgin Islands,VGB,"Population, total",SP.POP.TOTL,27796
British Virgin Islands,VGB,"Intentional homicides (per 100,000 people)",VC.IHR.PSRC.P5,..
Brunei Darussalam,BRN,"Population, total",SP.POP.TOTL,388634
Brunei Darussalam,BRN,"Intentional homicides (per 100,000 people)",VC.IHR.PSRC.P5,0.257311506455946
Bulgaria,BGR,"Population, total",SP.POP.TOTL,7395599
Bulgaria,BGR,"Intentional homicides (per 100,000 people)",VC.IHR.PSRC.P5,1.99326304028371
Burkina Faso,BFA,"Population, total",SP.POP.TOTL,15605211
Burkina Faso,BFA,"Intentional homicides (per 100,000 people)",VC.IHR.PSRC.P5,0.788198249930744
Burundi,BDI,"Population, total",SP.POP.TOTL,8675606
Burundi,BDI,"Intentional homicides (per 100,000 people)",VC.IHR.PSRC.P5,..
Cabo Verde,CPV,"Population, total",SP.POP.TOTL,492644
Cabo Verde,CPV,"Intentional homicides (per 100,000 people)",VC.IHR.PSRC.P5,..
Cambodia,KHM,"Population, total",SP.POP.TOTL,14312205
Cambodia,KHM,"Intentional homicides (per 100,000 people)",VC.IHR.PSRC.P5,2.3127114235717
Cameroon,CMR,"Population, total",SP.POP.TOTL,20341236
Cameroon,CMR,"Intentional homicides (per 100,000 people)",VC.IHR.PSRC.P5,4.91120598571296
Canada,CAN,"Population, total",SP.POP.TOTL,34004889
Canada,CAN,"Intentional homicides (per 100,000 people)",VC.IHR.PSRC.P5,1.62822732372785
Cayman Islands,CYM,"Population, total",SP.POP.TOTL,56672
Cayman Islands,CYM,"Intentional homicides (per 100,000 people)",VC.IHR.PSRC.P5,15.8808582721626
Central African Republic,CAF,"Population, total",SP.POP.TOTL,4386765
Central African Republic,CAF,"Intentional homicides (per 100,000 people)",VC.IHR.PSRC.P5,..
Chad,TCD,"Population, total",SP.POP.TOTL,11952134
Chad,TCD,"Intentional homicides (per 100,000 people)",VC.IHR.PSRC.P5,..
Channel Islands,CHI,"Population, total",SP.POP.TOTL,159718
Channel Islands,CHI,"Intentional homicides (per 100,000 people)",VC.IHR.PSRC.P5,0
Chile,CHL,"Population, total",SP.POP.TOTL,17062531
Chile,CHL,"Intentional homicides (per 100,000 people)",VC.IHR.PSRC.P5,3.17069021002804
China,CHN,"Population, total",SP.POP.TOTL,1337705000
China,CHN,"Intentional homicides (per 100,000 people)",VC.IHR.PSRC.P5,0.979682650091451
Colombia,COL,"Population, total",SP.POP.TOTL,45222699
Colombia,COL,"Intentional homicides (per 100,000 people)",VC.IHR.PSRC.P5,34.1841604810009
Comoros,COM,"Population, total",SP.POP.TOTL,689696
Comoros,COM,"Intentional homicides (per 100,000 people)",VC.IHR.PSRC.P5,..
"Congo, Dem. Rep.",COD,"Population, total",SP.POP.TOTL,64563853
"Congo, Dem. Rep.",COD,"Intentional homicides (per 100,000 people)",VC.IHR.PSRC.P5,..
"Congo, Rep.",COG,"Population, total",SP.POP.TOTL,4273738
"Congo, Rep.",COG,"Intentional homicides (per 100,000 people)",VC.IHR.PSRC.P5,..
Costa Rica,CRI,"Population, total",SP.POP.TOTL,4577371
Costa Rica,CRI,"Intentional homicides (per 100,000 people)",VC.IHR.PSRC.P5,11.5131589726941
Cote d'Ivoire,CIV,"Population, total",SP.POP.TOTL,20532944
Cote d'Ivoire,CIV,"Intentional homicides (per 100,000 people)",VC.IHR.PSRC.P5,..
Croatia,HRV,"Population, total",SP.POP.TOTL,4295427
Croatia,HRV,"Intentional homicides (per 100,000 people)",VC.IHR.PSRC.P5,1.43247839787919
Cuba,CUB,"Population, total",SP.POP.TOTL,11225833
Cuba,CUB,"Intentional homicides (per 100,000 people)",VC.IHR.PSRC.P5,4.49855257957249
Curacao,CUW,"Population, total",SP.POP.TOTL,148703
Curacao,CUW,"Intentional homicides (per 100,000 people)",VC.IHR.PSRC.P5,..
Cyprus,CYP,"Population, total",SP.POP.TOTL,1112617
Cyprus,CYP,"Intentional homicides (per 100,000 people)",VC.IHR.PSRC.P5,0.719025504733435
Czech Republic,CZE,"Population, total",SP.POP.TOTL,10474410
Czech Republic,CZE,"Intentional homicides (per 100,000 people)",VC.IHR.PSRC.P5,0.977552917407029
Denmark,DNK,"Population, total",SP.POP.TOTL,5547683
Denmark,DNK,"Intentional homicides (per 100,000 people)",VC.IHR.PSRC.P5,0.756096160309668
Djibouti,DJI,"Population, total",SP.POP.TOTL,840194
Djibouti,DJI,"Intentional homicides (per 100,000 people)",VC.IHR.PSRC.P5,..
Dominica,DMA,"Population, total",SP.POP.TOTL,70877
Dominica,DMA,"Intentional homicides (per 100,000 people)",VC.IHR.PSRC.P5,21.1634239598177
Dominican Republic,DOM,"Population, total",SP.POP.TOTL,9695117
Dominican Republic,DOM,"Intentional homicides (per 100,000 people)",VC.IHR.PSRC.P5,25.5180004532178
Ecuador,ECU,"Population, total",SP.POP.TOTL,15011114
Ecuador,ECU,"Intentional homicides (per 100,000 people)",VC.IHR.PSRC.P5,17.4803815359739
"Egypt, Arab Rep.",EGY,"Population, total",SP.POP.TOTL,82761244
"Egypt, Arab Rep.",EGY,"Intentional homicides (per 100,000 people)",VC.IHR.PSRC.P5,2.22205456457373
El Salvador,SLV,"Population, total",SP.POP.TOTL,6183877
El Salvador,SLV,"Intentional homicides (per 100,000 people)",VC.IHR.PSRC.P5,64.4741155103829
Equatorial Guinea,GNQ,"Population, total",SP.POP.TOTL,943640
Equatorial Guinea,GNQ,"Intentional homicides (per 100,000 people)",VC.IHR.PSRC.P5,..
Eritrea,ERI,"Population, total",SP.POP.TOTL,3170437
Eritrea,ERI,"Intentional homicides (per 100,000 people)",VC.IHR.PSRC.P5,..
Estonia,EST,"Population, total",SP.POP.TOTL,1331475
Estonia,EST,"Intentional homicides (per 100,000 people)",VC.IHR.PSRC.P5,5.25484891183339
Eswatini,SWZ,"Population, total",SP.POP.TOTL,1064841
Eswatini,SWZ,"Intentional homicides (per 100,000 people)",VC.IHR.PSRC.P5,19.53343269089
Ethiopia,ETH,"Population, total",SP.POP.TOTL,87639962
Ethiopia,ETH,"Intentional homicides (per 100,000 people)",VC.IHR.PSRC.P5,..
Faroe Islands,FRO,"Population, total",SP.POP.TOTL,47803
Faroe Islands,FRO,"Intentional homicides (per 100,000 people)",VC.IHR.PSRC.P5,..
Fiji,FJI,"Population, total",SP.POP.TOTL,859816
Fiji,FJI,"Intentional homicides (per 100,000 people)",VC.IHR.PSRC.P5,2.32607906807968
Finland,FIN,"Population, total",SP.POP.TOTL,5363352
Finland,FIN,"Intentional homicides (per 100,000 people)",VC.IHR.PSRC.P5,2.21775606323326
France,FRA,"Population, total",SP.POP.TOTL,65027505
France,FRA,"Intentional homicides (per 100,000 people)",VC.IHR.PSRC.P5,1.26591266936055
French Polynesia,PYF,"Population, total",SP.POP.TOTL,266449
French Polynesia,PYF,"Intentional homicides (per 100,000 people)",VC.IHR.PSRC.P5,..
Gabon,GAB,"Population, total",SP.POP.TOTL,1624146
Gabon,GAB,"Intentional homicides (per 100,000 people)",VC.IHR.PSRC.P5,..
"Gambia, The",GMB,"Population, total",SP.POP.TOTL,1793199
"Gambia, The",GMB,"Intentional homicides (per 100,000 people)",VC.IHR.PSRC.P5,..
Georgia,GEO,"Population, total",SP.POP.TOTL,3786695
Georgia,GEO,"Intentional homicides (per 100,000 people)",VC.IHR.PSRC.P5,4.56198147103654
Germany,DEU,"Population, total",SP.POP.TOTL,81776930
Germany,DEU,"Intentional homicides (per 100,000 people)",VC.IHR.PSRC.P5,0.981107785998394
Ghana,GHA,"Population, total",SP.POP.TOTL,24779614
Ghana,GHA,"Intentional homicides (per 100,000 people)",VC.IHR.PSRC.P5,1.70301280722129
Gibraltar,GIB,"Population, total",SP.POP.TOTL,33585
Gibraltar,GIB,"Intentional homicides (per 100,000 people)",VC.IHR.PSRC.P5,2.97751972606819
Greece,GRC,"Population, total",SP.POP.TOTL,11121341
Greece,GRC,"Intentional homicides (per 100,000 people)",VC.IHR.PSRC.P5,1.61651193463414
Greenland,GRL,"Population, total",SP.POP.TOTL,56905
Greenland,GRL,"Intentional homicides (per 100,000 people)",VC.IHR.PSRC.P5,19.4215897454006
Grenada,GRD,"Population, total",SP.POP.TOTL,106227
Grenada,GRD,"Intentional homicides (per 100,000 people)",VC.IHR.PSRC.P5,9.41380251725079
Guam,GUM,"Population, total",SP.POP.TOTL,159439
Guam,GUM,"Intentional homicides (per 100,000 people)",VC.IHR.PSRC.P5,1.88159735071093
Guatemala,GTM,"Population, total",SP.POP.TOTL,14259687
Guatemala,GTM,"Intentional homicides (per 100,000 people)",VC.IHR.PSRC.P5,40.7370396748692
Guinea,GIN,"Population, total",SP.POP.TOTL,10192168
Guinea,GIN,"Intentional homicides (per 100,000 people)",VC.IHR.PSRC.P5,..
Guinea-Bissau,GNB,"Population, total",SP.POP.TOTL,1522603
Guinea-Bissau,GNB,"Intentional homicides (per 100,000 people)",VC.IHR.PSRC.P5,..
Guyana,GUY,"Population, total",SP.POP.TOTL,749430
Guyana,GUY,"Intentional homicides (per 100,000 people)",VC.IHR.PSRC.P5,18.6808641234005
Haiti,HTI,"Population, total",SP.POP.TOTL,9949318
Haiti,HTI,"Intentional homicides (per 100,000 people)",VC.IHR.PSRC.P5,6.80448649847155
Honduras,HND,"Population, total",SP.POP.TOTL,8317467
Honduras,HND,"Intentional homicides (per 100,000 people)",VC.IHR.PSRC.P5,74.9747489229593
"Hong Kong SAR, China",HKG,"Population, total",SP.POP.TOTL,7024200
"Hong Kong SAR, China",HKG,"Intentional homicides (per 100,000 people)",VC.IHR.PSRC.P5,0.50241705668585
Hungary,HUN,"Population, total",SP.POP.TOTL,10000023
Hungary,HUN,"Intentional homicides (per 100,000 people)",VC.IHR.PSRC.P5,1.39009486893823
Iceland,ISL,"Population, total",SP.POP.TOTL,318041
Iceland,ISL,"Intentional homicides (per 100,000 people)",VC.IHR.PSRC.P5,0.624332744379444
India,IND,"Population, total",SP.POP.TOTL,1234281163
India,IND,"Intentional homicides (per 100,000 people)",VC.IHR.PSRC.P5,3.76413425017975
Indonesia,IDN,"Population, total",SP.POP.TOTL,241834226
Indonesia,IDN,"Intentional homicides (per 100,000 people)",VC.IHR.PSRC.P5,..
"Iran, Islamic Rep.",IRN,"Population, total",SP.POP.TOTL,73762519
"Iran, Islamic Rep.",IRN,"Intentional homicides (per 100,000 people)",VC.IHR.PSRC.P5,..
Iraq,IRQ,"Population, total",SP.POP.TOTL,29741977
Iraq,IRQ,"Intentional homicides (per 100,000 people)",VC.IHR.PSRC.P5,9.04781817294795
Ireland,IRL,"Population, total",SP.POP.TOTL,4560155
Ireland,IRL,"Intentional homicides (per 100,000 people)",VC.IHR.PSRC.P5,1.2076419583122
Isle of Man,IMN,"Population, total",SP.POP.TOTL,84856
Isle of Man,IMN,"Intentional homicides (per 100,000 people)",VC.IHR.PSRC.P5,..
Israel,ISR,"Population, total",SP.POP.TOTL,7623600
Israel,ISR,"Intentional homicides (per 100,000 people)",VC.IHR.PSRC.P5,2.04180361497246
Italy,ITA,"Population, total",SP.POP.TOTL,59277417
Italy,ITA,"Intentional homicides (per 100,000 people)",VC.IHR.PSRC.P5,0.891694785112682
Jamaica,JAM,"Population, total",SP.POP.TOTL,2810464
Jamaica,JAM,"Intentional homicides (per 100,000 people)",VC.IHR.PSRC.P5,51.486160292393
Japan,JPN,"Population, total",SP.POP.TOTL,128070000
Japan,JPN,"Intentional homicides (per 100,000 people)",VC.IHR.PSRC.P5,0.361748484929274
Jordan,JOR,"Population, total",SP.POP.TOTL,7261541
Jordan,JOR,"Intentional homicides (per 100,000 people)",VC.IHR.PSRC.P5,1.59745706868556
Kazakhstan,KAZ,"Population, total",SP.POP.TOTL,16321872
Kazakhstan,KAZ,"Intentional homicides (per 100,000 people)",VC.IHR.PSRC.P5,8.53419087902351
Kenya,KEN,"Population, total",SP.POP.TOTL,42030684
Kenya,KEN,"Intentional homicides (per 100,000 people)",VC.IHR.PSRC.P5,4.58236653964518
Kiribati,KIR,"Population, total",SP.POP.TOTL,102930
Kiribati,KIR,"Intentional homicides (per 100,000 people)",VC.IHR.PSRC.P5,3.88613620907413
"Korea, Dem. People's Rep.",PRK,"Population, total",SP.POP.TOTL,24548840
"Korea, Dem. People's Rep.",PRK,"Intentional homicides (per 100,000 people)",VC.IHR.PSRC.P5,..
"Korea, Rep.",KOR,"Population, total",SP.POP.TOTL,49554112
"Korea, Rep.",KOR,"Intentional homicides (per 100,000 people)",VC.IHR.PSRC.P5,0.978157178925969
Kosovo,XKX,"Population, total",SP.POP.TOTL,1775680
Kosovo,XKX,"Intentional homicides (per 100,000 people)",VC.IHR.PSRC.P5,5.969544062
Kuwait,KWT,"Population, total",SP.POP.TOTL,2991884
Kuwait,KWT,"Intentional homicides (per 100,000 people)",VC.IHR.PSRC.P5,2.00542534403072
Kyrgyz Republic,KGZ,"Population, total",SP.POP.TOTL,5447900
Kyrgyz Republic,KGZ,"Intentional homicides (per 100,000 people)",VC.IHR.PSRC.P5,16.7641099769876
Lao PDR,LAO,"Population, total",SP.POP.TOTL,6249168
Lao PDR,LAO,"Intentional homicides (per 100,000 people)",VC.IHR.PSRC.P5,..
Latvia,LVA,"Population, total",SP.POP.TOTL,2097555
Latvia,LVA,"Intentional homicides (per 100,000 people)",VC.IHR.PSRC.P5,..
Lebanon,LBN,"Population, total",SP.POP.TOTL,4953064
Lebanon,LBN,"Intentional homicides (per 100,000 people)",VC.IHR.PSRC.P5,3.2908922638593
Lesotho,LSO,"Population, total",SP.POP.TOTL,1995575
Lesotho,LSO,"Intentional homicides (per 100,000 people)",VC.IHR.PSRC.P5,38.2847049096125
Liberia,LBR,"Population, total",SP.POP.TOTL,3891357
Liberia,LBR,"Intentional homicides (per 100,000 people)",VC.IHR.PSRC.P5,3.3150389439982
Libya,LBY,"Population, total",SP.POP.TOTL,6197667
Libya,LBY,"Intentional homicides (per 100,000 people)",VC.IHR.PSRC.P5,..
Liechtenstein,LIE,"Population, total",SP.POP.TOTL,35996
Liechtenstein,LIE,"Intentional homicides (per 100,000 people)",VC.IHR.PSRC.P5,2.77808645405045
Lithuania,LTU,"Population, total",SP.POP.TOTL,3097282
Lithuania,LTU,"Intentional homicides (per 100,000 people)",VC.IHR.PSRC.P5,7.01063599913567
Luxembourg,LUX,"Population, total",SP.POP.TOTL,506953
Luxembourg,LUX,"Intentional homicides (per 100,000 people)",VC.IHR.PSRC.P5,1.96893028017878
"Macao SAR, China",MAC,"Population, total",SP.POP.TOTL,538215
"Macao SAR, China",MAC,"Intentional homicides (per 100,000 people)",VC.IHR.PSRC.P5,0.371598710552474
Madagascar,MDG,"Population, total",SP.POP.TOTL,21151640
Madagascar,MDG,"Intentional homicides (per 100,000 people)",VC.IHR.PSRC.P5,..
Malawi,MWI,"Population, total",SP.POP.TOTL,14539609
Malawi,MWI,"Intentional homicides (per 100,000 people)",VC.IHR.PSRC.P5,3.57643730309391
Malaysia,MYS,"Population, total",SP.POP.TOTL,28208028
Malaysia,MYS,"Intentional homicides (per 100,000 people)",VC.IHR.PSRC.P5,1.9143486386216
Maldives,MDV,"Population, total",SP.POP.TOTL,365730
Maldives,MDV,"Intentional homicides (per 100,000 people)",VC.IHR.PSRC.P5,1.64055450742351
Mali,MLI,"Population, total",SP.POP.TOTL,15049352
Mali,MLI,"Intentional homicides (per 100,000 people)",VC.IHR.PSRC.P5,..
Malta,MLT,"Population, total",SP.POP.TOTL,414508
Malta,MLT,"Intentional homicides (per 100,000 people)",VC.IHR.PSRC.P5,0.96558416635084
Marshall Islands,MHL,"Population, total",SP.POP.TOTL,56361
Marshall Islands,MHL,"Intentional homicides (per 100,000 people)",VC.IHR.PSRC.P5,..
Mauritania,MRT,"Population, total",SP.POP.TOTL,3494200
Mauritania,MRT,"Intentional homicides (per 100,000 people)",VC.IHR.PSRC.P5,..
Mauritius,MUS,"Population, total",SP.POP.TOTL,1250400
Mauritius,MUS,"Intentional homicides (per 100,000 people)",VC.IHR.PSRC.P5,2.64433035538999
Mexico,MEX,"Population, total",SP.POP.TOTL,114092961
Mexico,MEX,"Intentional homicides (per 100,000 people)",VC.IHR.PSRC.P5,22.5754505573749
"Micronesia, Fed. Sts.",FSM,"Population, total",SP.POP.TOTL,102916
"Micronesia, Fed. Sts.",FSM,"Intentional homicides (per 100,000 people)",VC.IHR.PSRC.P5,..
Moldova,MDA,"Population, total",SP.POP.TOTL,2861487
Moldova,MDA,"Intentional homicides (per 100,000 people)",VC.IHR.PSRC.P5,6.48541759971024
Monaco,MCO,"Population, total",SP.POP.TOTL,35609
Monaco,MCO,"Intentional homicides (per 100,000 people)",VC.IHR.PSRC.P5,..
Mongolia,MNG,"Population, total",SP.POP.TOTL,2719902
Mongolia,MNG,"Intentional homicides (per 100,000 people)",VC.IHR.PSRC.P5,8.78708129925269
Montenegro,MNE,"Population, total",SP.POP.TOTL,619428
Montenegro,MNE,"Intentional homicides (per 100,000 people)",VC.IHR.PSRC.P5,2.40277183759185
Morocco,MAR,"Population, total",SP.POP.TOTL,32343384
Morocco,MAR,"Intentional homicides (per 100,000 people)",VC.IHR.PSRC.P5,1.39441191435009
Mozambique,MOZ,"Population, total",SP.POP.TOTL,23531567
Mozambique,MOZ,"Intentional homicides (per 100,000 people)",VC.IHR.PSRC.P5,3.71840940299471
Myanmar,MMR,"Population, total",SP.POP.TOTL,50600827
Myanmar,MMR,"Intentional homicides (per 100,000 people)",VC.IHR.PSRC.P5,1.58297808057564
Namibia,NAM,"Population, total",SP.POP.TOTL,2118877
Namibia,NAM,"Intentional homicides (per 100,000 people)",VC.IHR.PSRC.P5,14.8191707210942
Nauru,NRU,"Population, total",SP.POP.TOTL,10009
Nauru,NRU,"Intentional homicides (per 100,000 people)",VC.IHR.PSRC.P5,..
Nepal,NPL,"Population, total",SP.POP.TOTL,27013207
Nepal,NPL,"Intentional homicides (per 100,000 people)",VC.IHR.PSRC.P5,3.00963895179125
Netherlands,NLD,"Population, total",SP.POP.TOTL,16615394
Netherlands,NLD,"Intentional homicides (per 100,000 people)",VC.IHR.PSRC.P5,0.863157885903355
New Caledonia,NCL,"Population, total",SP.POP.TOTL,249750
New Caledonia,NCL,"Intentional homicides (per 100,000 people)",VC.IHR.PSRC.P5,..
New Zealand,NZL,"Population, total",SP.POP.TOTL,4350700
New Zealand,NZL,"Intentional homicides (per 100,000 people)",VC.IHR.PSRC.P5,0.983968183503201
Nicaragua,NIC,"Population, total",SP.POP.TOTL,5824058
Nicaragua,NIC,"Intentional homicides (per 100,000 people)",VC.IHR.PSRC.P5,13.4785745608989
Niger,NER,"Population, total",SP.POP.TOTL,16464025
Niger,NER,"Intentional homicides (per 100,000 people)",VC.IHR.PSRC.P5,..
Nigeria,NGA,"Population, total",SP.POP.TOTL,158503203
Nigeria,NGA,"Intentional homicides (per 100,000 people)",VC.IHR.PSRC.P5,..
North Macedonia,MKD,"Population, total",SP.POP.TOTL,2055004
North Macedonia,MKD,"Intentional homicides (per 100,000 people)",VC.IHR.PSRC.P5,2.07655535203167
Northern Mariana Islands,MNP,"Population, total",SP.POP.TOTL,53971
Northern Mariana Islands,MNP,"Intentional homicides (per 100,000 people)",VC.IHR.PSRC.P5,..
Norway,NOR,"Population, total",SP.POP.TOTL,4889252
Norway,NOR,"Intentional homicides (per 100,000 people)",VC.IHR.PSRC.P5,0.593547362418791
Oman,OMN,"Population, total",SP.POP.TOTL,3041435
Oman,OMN,"Intentional homicides (per 100,000 people)",VC.IHR.PSRC.P5,1.57820239459334
Pakistan,PAK,"Population, total",SP.POP.TOTL,179424643
Pakistan,PAK,"Intentional homicides (per 100,000 people)",VC.IHR.PSRC.P5,7.3512755993055
Palau,PLW,"Population, total",SP.POP.TOTL,17954
Palau,PLW,"Intentional homicides (per 100,000 people)",VC.IHR.PSRC.P5,..
Panama,PAN,"Population, total",SP.POP.TOTL,3642691
Panama,PAN,"Intentional homicides (per 100,000 people)",VC.IHR.PSRC.P5,12.6280269174629
Papua New Guinea,PNG,"Population, total",SP.POP.TOTL,7310512
Papua New Guinea,PNG,"Intentional homicides (per 100,000 people)",VC.IHR.PSRC.P5,9.7530788541213
Paraguay,PRY,"Population, total",SP.POP.TOTL,6248017
Paraguay,PRY,"Intentional homicides (per 100,000 people)",VC.IHR.PSRC.P5,11.859762865562
Peru,PER,"Population, total",SP.POP.TOTL,29027680
Peru,PER,"Intentional homicides (per 100,000 people)",VC.IHR.PSRC.P5,..
Philippines,PHL,"Population, total",SP.POP.TOTL,93966784
Philippines,PHL,"Intentional homicides (per 100,000 people)",VC.IHR.PSRC.P5,9.20005945930851
Poland,POL,"Population, total",SP.POP.TOTL,38042794
Poland,POL,"Intentional homicides (per 100,000 people)",VC.IHR.PSRC.P5,1.00183189135634
Portugal,PRT,"Population, total",SP.POP.TOTL,10573100
Portugal,PRT,"Intentional homicides (per 100,000 people)",VC.IHR.PSRC.P5,..
Puerto Rico,PRI,"Population, total",SP.POP.TOTL,3721525
Puerto Rico,PRI,"Intentional homicides (per 100,000 people)",VC.IHR.PSRC.P5,28.7722195560586
Qatar,QAT,"Population, total",SP.POP.TOTL,1856329
Qatar,QAT,"Intentional homicides (per 100,000 people)",VC.IHR.PSRC.P5,0.215479044932229
Romania,ROU,"Population, total",SP.POP.TOTL,20246871
Romania,ROU,"Intentional homicides (per 100,000 people)",VC.IHR.PSRC.P5,1.29934456370843
Russian Federation,RUS,"Population, total",SP.POP.TOTL,142849468
Russian Federation,RUS,"Intentional homicides (per 100,000 people)",VC.IHR.PSRC.P5,11.6323421850625
Rwanda,RWA,"Population, total",SP.POP.TOTL,10039338
Rwanda,RWA,"Intentional homicides (per 100,000 people)",VC.IHR.PSRC.P5,2.89859749716565
Samoa,WSM,"Population, total",SP.POP.TOTL,185944
Samoa,WSM,"Intentional homicides (per 100,000 people)",VC.IHR.PSRC.P5,8.60474121240804
San Marino,SMR,"Population, total",SP.POP.TOTL,31221
San Marino,SMR,"Intentional homicides (per 100,000 people)",VC.IHR.PSRC.P5,0
Sao Tome and Principe,STP,"Population, total",SP.POP.TOTL,180372
Sao Tome and Principe,STP,"Intentional homicides (per 100,000 people)",VC.IHR.PSRC.P5,3.32645865211895
Saudi Arabia,SAU,"Population, total",SP.POP.TOTL,27421468
Saudi Arabia,SAU,"Intentional homicides (per 100,000 people)",VC.IHR.PSRC.P5,..
Senegal,SEN,"Population, total",SP.POP.TOTL,12678143
Senegal,SEN,"Intentional homicides (per 100,000 people)",VC.IHR.PSRC.P5,..
Serbia,SRB,"Population, total",SP.POP.TOTL,7291436
Serbia,SRB,"Intentional homicides (per 100,000 people)",VC.IHR.PSRC.P5,1.44584884562316
Seychelles,SYC,"Population, total",SP.POP.TOTL,89770
Seychelles,SYC,"Intentional homicides (per 100,000 people)",VC.IHR.PSRC.P5,9.86052830519431
Sierra Leone,SLE,"Population, total",SP.POP.TOTL,6415636
Sierra Leone,SLE,"Intentional homicides (per 100,000 people)",VC.IHR.PSRC.P5,2.54066783090562
Singapore,SGP,"Population, total",SP.POP.TOTL,5076732
Singapore,SGP,"Intentional homicides (per 100,000 people)",VC.IHR.PSRC.P5,0.370285919195817
Sint Maarten (Dutch part),SXM,"Population, total",SP.POP.TOTL,34056
Sint Maarten (Dutch part),SXM,"Intentional homicides (per 100,000 people)",VC.IHR.PSRC.P5,..
Slovak Republic,SVK,"Population, total",SP.POP.TOTL,5391428
Slovak Republic,SVK,"Intentional homicides (per 100,000 people)",VC.IHR.PSRC.P5,1.51731225527557
Slovenia,SVN,"Population, total",SP.POP.TOTL,2048583
Slovenia,SVN,"Intentional homicides (per 100,000 people)",VC.IHR.PSRC.P5,0.734093658605339
Solomon Islands,SLB,"Population, total",SP.POP.TOTL,527861
Solomon Islands,SLB,"Intentional homicides (per 100,000 people)",VC.IHR.PSRC.P5,..
Somalia,SOM,"Population, total",SP.POP.TOTL,12043886
Somalia,SOM,"Intentional homicides (per 100,000 people)",VC.IHR.PSRC.P5,..
South Africa,ZAF,"Population, total",SP.POP.TOTL,51216967
South Africa,ZAF,"Intentional homicides (per 100,000 people)",VC.IHR.PSRC.P5,31.0307324523922
South Sudan,SSD,"Population, total",SP.POP.TOTL,9508372
South Sudan,SSD,"Intentional homicides (per 100,000 people)",VC.IHR.PSRC.P5,..
Spain,ESP,"Population, total",SP.POP.TOTL,46576897
Spain,ESP,"Intentional homicides (per 100,000 people)",VC.IHR.PSRC.P5,0.854445688374367
Sri Lanka,LKA,"Population, total",SP.POP.TOTL,20261738
Sri Lanka,LKA,"Intentional homicides (per 100,000 people)",VC.IHR.PSRC.P5,3.76571841961435
St. Kitts and Nevis,KNA,"Population, total",SP.POP.TOTL,49011
St. Kitts and Nevis,KNA,"Intentional homicides (per 100,000 people)",VC.IHR.PSRC.P5,42.8475240252188
St. Lucia,LCA,"Population, total",SP.POP.TOTL,174092
St. Lucia,LCA,"Intentional homicides (per 100,000 people)",VC.IHR.PSRC.P5,25.2739930611401
St. Martin (French part),MAF,"Population, total",SP.POP.TOTL,37582
St. Martin (French part),MAF,"Intentional homicides (per 100,000 people)",VC.IHR.PSRC.P5,..
St. Vincent and the Grenadines,VCT,"Population, total",SP.POP.TOTL,108260
St. Vincent and the Grenadines,VCT,"Intentional homicides (per 100,000 people)",VC.IHR.PSRC.P5,23.0925549602808
Sudan,SDN,"Population, total",SP.POP.TOTL,34545014
Sudan,SDN,"Intentional homicides (per 100,000 people)",VC.IHR.PSRC.P5,..
Suriname,SUR,"Population, total",SP.POP.TOTL,529126
Suriname,SUR,"Intentional homicides (per 100,000 people)",VC.IHR.PSRC.P5,..
Sweden,SWE,"Population, total",SP.POP.TOTL,9378126
Sweden,SWE,"Intentional homicides (per 100,000 people)",VC.IHR.PSRC.P5,0.969099877669777
Switzerland,CHE,"Population, total",SP.POP.TOTL,7824909
Switzerland,CHE,"Intentional homicides (per 100,000 people)",VC.IHR.PSRC.P5,0.665926122668202
Syrian Arab Republic,SYR,"Population, total",SP.POP.TOTL,21362541
Syrian Arab Republic,SYR,"Intentional homicides (per 100,000 people)",VC.IHR.PSRC.P5,2.16734516741243
Tajikistan,TJK,"Population, total",SP.POP.TOTL,7527397
Tajikistan,TJK,"Intentional homicides (per 100,000 people)",VC.IHR.PSRC.P5,2.4045496736787
Tanzania,TZA,"Population, total",SP.POP.TOTL,44346532
Tanzania,TZA,"Intentional homicides (per 100,000 people)",VC.IHR.PSRC.P5,8.76731465720927
Thailand,THA,"Population, total",SP.POP.TOTL,67195032
Thailand,THA,"Intentional homicides (per 100,000 people)",VC.IHR.PSRC.P5,5.43790201632764
Timor-Leste,TLS,"Population, total",SP.POP.TOTL,1093517
Timor-Leste,TLS,"Intentional homicides (per 100,000 people)",VC.IHR.PSRC.P5,3.56647404658547
Togo,TGO,"Population, total",SP.POP.TOTL,6421674
Togo,TGO,"Intentional homicides (per 100,000 people)",VC.IHR.PSRC.P5,..
Tonga,TON,"Population, total",SP.POP.TOTL,103981
Tonga,TON,"Intentional homicides (per 100,000 people)",VC.IHR.PSRC.P5,0.961714159317568
Trinidad and Tobago,TTO,"Population, total",SP.POP.TOTL,1328144
Trinidad and Tobago,TTO,"Intentional homicides (per 100,000 people)",VC.IHR.PSRC.P5,35.6136081629703
Tunisia,TUN,"Population, total",SP.POP.TOTL,10635245
Tunisia,TUN,"Intentional homicides (per 100,000 people)",VC.IHR.PSRC.P5,2.68917171160608
Turkiye,TUR,"Population, total",SP.POP.TOTL,72326992
Turkiye,TUR,"Intentional homicides (per 100,000 people)",VC.IHR.PSRC.P5,4.23631609067884
Turkmenistan,TKM,"Population, total",SP.POP.TOTL,5087211
Turkmenistan,TKM,"Intentional homicides (per 100,000 people)",VC.IHR.PSRC.P5,..
Turks and Caicos Islands,TCA,"Population, total",SP.POP.TOTL,32658
Turks and Caicos Islands,TCA,"Intentional homicides (per 100,000 people)",VC.IHR.PSRC.P5,..
Tuvalu,TUV,"Population, total",SP.POP.TOTL,10521
Tuvalu,TUV,"Intentional homicides (per 100,000 people)",VC.IHR.PSRC.P5,9.5047999239616
Uganda,UGA,"Population, total",SP.POP.TOTL,32428164
Uganda,UGA,"Intentional homicides (per 100,000 people)",VC.IHR.PSRC.P5,9.7446158222217
Ukraine,UKR,"Population, total",SP.POP.TOTL,45870741
Ukraine,UKR,"Intentional homicides (per 100,000 people)",VC.IHR.PSRC.P5,4.34136151823265
United Arab Emirates,ARE,"Population, total",SP.POP.TOTL,8549998
United Arab Emirates,ARE,"Intentional homicides (per 100,000 people)",VC.IHR.PSRC.P5,0.78362591429846
United Kingdom,GBR,"Population, total",SP.POP.TOTL,62766365
United Kingdom,GBR,"Intentional homicides (per 100,000 people)",VC.IHR.PSRC.P5,1.19130534304701
United States,USA,"Population, total",SP.POP.TOTL,309327143
United States,USA,"Intentional homicides (per 100,000 people)",VC.IHR.PSRC.P5,4.76422446313797
Uruguay,URY,"Population, total",SP.POP.TOTL,3359273
Uruguay,URY,"Intentional homicides (per 100,000 people)",VC.IHR.PSRC.P5,6.10251087065565
Uzbekistan,UZB,"Population, total",SP.POP.TOTL,28562400
Uzbekistan,UZB,"Intentional homicides (per 100,000 people)",VC.IHR.PSRC.P5,..
Vanuatu,VUT,"Population, total",SP.POP.TOTL,236216
Vanuatu,VUT,"Intentional homicides (per 100,000 people)",VC.IHR.PSRC.P5,..
"Venezuela, RB",VEN,"Population, total",SP.POP.TOTL,28439942
"Venezuela, RB",VEN,"Intentional homicides (per 100,000 people)",VC.IHR.PSRC.P5,45.991654975949
Vietnam,VNM,"Population, total",SP.POP.TOTL,87967655
Vietnam,VNM,"Intentional homicides (per 100,000 people)",VC.IHR.PSRC.P5,1.51874004143909
Virgin Islands (U.S.),VIR,"Population, total",SP.POP.TOTL,108357
Virgin Islands (U.S.),VIR,"Intentional homicides (per 100,000 people)",VC.IHR.PSRC.P5,52.787361197519
West Bank and Gaza,PSE,"Population, total",SP.POP.TOTL,3786161
West Bank and Gaza,PSE,"Intentional homicides (per 100,000 people)",VC.IHR.PSRC.P5,0.789026223286531
"Yemen, Rep.",YEM,"Population, total",SP.POP.TOTL,23154854
"Yemen, Rep.",YEM,"Intentional homicides (per 100,000 people)",VC.IHR.PSRC.P5,4.74630502960632
Zambia,ZMB,"Population, total",SP.POP.TOTL,13605986
Zambia,ZMB,"Intentional homicides (per 100,000 people)",VC.IHR.PSRC.P5,5.98266086706248
Zimbabwe,ZWE,"Population, total",SP.POP.TOTL,12697728
Zimbabwe,ZWE,"Intentional homicides (per 100,000 people)",VC.IHR.PSRC.P5,5.59942692109959
,,,,
,,,,
,,,,
Data from database: World Development Indicators,,,,
Last Updated: 09/16/2022,,,,
